Raw Name,Clean Name,Rotation Applied,Z reverse,Flip Vertical,Egocentric Leaning,Skip Affine,Refinement Inclusion,Notes
DFB01_Airyscan Processing_Stitch.czi,synA647_DF_B01.nrrd,0,0,"0		",left,0,1,na
DFB02_A_Airyscan Processing_Stitch.czi,synA647_DF_B02.nrrd,10.6,0,0,right,0,1,na
DFB03_A_Airyscan Processing_Stitch.czi,synA647_DF_B03_A.nrrd,4.8,0,"0	",right,0,1,na
DFB03_B_Airyscan Processing_Stitch.czi,synA647_DF_B03_B.nrrd,0,0,0,left,0,1,na
DFB03_D_Airyscan Processing_Stitch.czi,synA647_DF_B03_D.nrrd,0,0,0,sym,0,1,na
DFB04_B_Airyscan Processing_Stitch.czi,synA647_DF_B04_B.nrrd,0,0,0,right,0,1,na
DFB05_C_Airyscan Processing_Stitch.czi,synA647_DF_B05_C.nrrd,0,0,0,right,0,1,na
DFB14_Airyscan Processing_Stitch.czi,synA647_DF_B14.nrrd,2.9,0,0,sym,0,1,na
DFB15_Airyscan Processing_Stitch.czi,synA647_DF_B15.nrrd,0,0,0,left,0,1,na
DFB16_Airyscan Processing_Stitch.czi,synA647_DF_B16.nrrd,0,0,0,left,0,1,na
DFC01_AiryscanProcessing_Stitch.czi,synA647_DF_C01.nrrd,-2.9,0,0,left,0,1,na
DFC04_Airyscan processing_Stitch.czi,synA647_DF_C04.nrrd,2.9,0,0,left,0,1,na
DFC05_Airyscan Processing_Stitch.czi,synA647_DF_C05.nrrd,0,0,0,right,0,1,low intensity
DFC07_Airyscan Processing_Stitch.czi,synA647_DF_C07.nrrd,0,0,0,sym,0,1,na
DFC08_Airyscan Processing_Stitch.czi,synA647_DF_C08.nrrd,0,0,0,left,0,1,na
LL_201120_B1-1_synorf.tif,synA647_LL_201120_B11.nrrd,0,0,0,right,0,1,anterior cut
LL_201120_B2-1_synorf.tif,synA647_LL_201120_B21.nrrd,4.8,0,0,right,0,1,anterior cut
LL_201120_C2-1_synorf.tif,synA647_LL_201120_C21.nrrd,0,0,0,left,0,1,anterior cut
LL_201123_C2-2_synorf.tif,synA647_LL_201123_C22.nrrd,0,0,0,left,0,1,anterior cut
LL_201123_C2-3_synorf.tif,synA647_LL_201123_C23.nrrd,0,0,0,left,0,1,anterior cut
LL_201212_1-3_brain1_synorf.tif,synA647_LL_201212_131.nrrd,0,0,0,left,0,1,heavy distortion
LL_201213_2-1_brain1_synorf.tif,synA647_LL_201213_211.nrrd,0,0,0,left,0,1,na
LL_201213_2-3_brain1_synorf.tif,synA647_LL_201213_231.nrrd,0,0,0,left,0,1,na
LL_201213_2-4_brain2_synorf.tif,synA647_LL_201213_242.nrrd,0,0,0,left,0,1,na
LL_201213_2-5_brain3_synorf.tif,synA647_LL_201213_253.nrrd,0,0,0,left,0,1,na
LL_201213_2-6_brain3_synorf.tif,synA647_LL_201213_263.nrrd,0,0,0,right,0,1,na
LL_200915_B10_Airyscan Processing_Stitch.czi,synA647_LL_B10_200915.nrrd,-62.8,0,1,right,0,1,heavy distortion
LL_200916_B19_Airyscan Processing_Stitch.czi,synA647_LL_B19_200916.nrrd,28.1,0,"0	",right,0,1,na
LL_200917_B22_Airyscan Processing_Stitch.czi,synA647_LL_B22_200917.nrrd,-90,0,0,left,0,1,na
LL_200917_B26_Airyscan Processing_Stitch.czi,synA647_LL_B26_200917.nrrd,49.4,0,0,left,0,1,na
LL_200917_B34_Airyscan Processing_Stitch.czi,synA647_LL_B34_200917.nrrd,-51.3,0,"0		",left,0,1,na
200727_L12_synA647_Airyscan Processing_Stitch.czi,synA647_LL_L12_200727.nrrd,61,0,"1		",left,0,1,na
200724_L3_synA647_Airyscan Processing_Stitch.czi,synA647_LL_L3_200724.nrrd,-81.3,0,0,left,0,1,na
200724_L4_synA647_Airyscan Processing_Stitch.czi,synA647_LL_L4_200724.nrrd,70.6,0,1,sym,0,1,na
200724_L8_synA647_Airyscan Processing_Stitch.czi,synA647_LL_L8_200724.nrrd,-70.6,0,0,sym,0,1,na
DFA07_Airyscan Processing_Stitch.czi,synA647_DF_A07.nrrd,8.7,0,0,left,0,1,na
DFA10_Airyscan Processing_Stitch.czi,synA647_DF_A10.nrrd,-4.3,0,0,right,0,1,na
LL_200917_B21_Airyscan Processing_Stitch.czi,synA647_LL_B21.nrrd,20.3,0,1,right,0,1,low intensity
LL_201212_1-4_brain1_synorf.tiff,synA647_LL_1-41.nrrd,0,0,0,sym,0,1,slightly left
LL_201212_1-3_brain3_synorf.tiff,synA647_LL_1-33.nrrd,0,0,0,sym,0,1,distorted cx
LL_201213_2-5_brain1_synorf.tiff,synA647_LL_2-51.nrrd,-4.8,0,0,left,0,1,na
LL_201213_2-4_brain1_synorf.tiff,synA647_LL_2-41.nrrd,-8.7,0,0,right,0,1,na
LL_201213_2-3_brain2_synorf.tiff,synA647_LL_2-32.nrrd,-2.9,0,0,left,0,1,na
220214_synA647_brain1.tif,synA647_LL_1_220214.nrrd,-55.2,0,0,sym,0,1,distorted cx
220214_synA647_brain4.tiff,synA647_LL_4_220214.nrrd,0,1,0,right,0,1,low intensity
220216_ant_40x_A647syn_brain6.tif,synA647_LL_6_220216.nrrd,-64.8,1,0,right,0,1,low intensity
220216_ant_40x_A647syn_brain10.tif,synA647_LL_10_220216.nrrd,2.9,0,0,right,0,1,distorted cx
220217_A647syn_brain14.tif,synA647_LL_14_220217.nrrd,-83.2,0,0,right,0,1,low intensity
200727_L11_synA647_Airyscan Processing_Stitch.czi,synA647_LL_L11_200727.nrrd,85.2,0,0,right,0,1,weird pixels size
220217_ant_40x_A647syn_brain15.tif,synA647_LL_15_220217.nrrd,90,1,0,sym,0,1,distorted cx
DFB12_Airyscan Processing_Stitch.czi,synA647_DF_B12.nrrd,1,0,0,right,1,0,EXCLUDED
220214_synA647_phallA555_brain3_Airyscan Processing_Stitch.czi - C=1.tif,synA647_LL_3_220214.nrrd,0,1,0,sym,1,0,EXCLUDED
